Year,Target,Model,CIS,GDP_Normalized_CIS,Population_Normalized_CIS,OIS,strong_hegemony,weak_hegemony,Prediction
1960,OIS,Linear Regression,,,,,7.152557373046875e-07,7.152557373046875e-07,7.152557373046875e-07
1960,OIS,Decision Tree,,,,,4432.37753371677,4432.37753371677,4432.37753371677
1960,OIS,Gradient Boosting,,,,,7467.451644462436,7467.451644462436,7467.451644462436
1960,OIS,XGBoost,,,,,67457.3671875,67457.3671875,67457.3671875
1960,strong_hegemony,Linear Regression,,,,,1364.9966647265421,1364.9966647265421,1364.9966647265421
1960,strong_hegemony,Decision Tree,,,,,2569.791077257889,2569.791077257889,2569.791077257889
1960,strong_hegemony,Gradient Boosting,,,,,2188.8595965891263,2188.8595965891263,2188.8595965891263
1960,strong_hegemony,XGBoost,,,,,1856.8504638671875,1856.8504638671875,1856.8504638671875
1960,weak_hegemony,Linear Regression,,,,,-321.88832936341817,-321.88832936341817,-321.88832936341817
1960,weak_hegemony,Decision Tree,,,,,118.0,118.0,118.0
1960,weak_hegemony,Gradient Boosting,,,,,119.98569226811345,119.98569226811345,119.98569226811345
1960,weak_hegemony,XGBoost,,,,,-580.9979248046875,-580.9979248046875,-580.9979248046875
1961,OIS,Linear Regression,,,,,7.152557373046875e-07,7.152557373046875e-07,7.152557373046875e-07
1961,OIS,Decision Tree,,,,,4432.37753371677,4432.37753371677,4432.37753371677
1961,OIS,Gradient Boosting,,,,,7467.451644462436,7467.451644462436,7467.451644462436
1961,OIS,XGBoost,,,,,67457.3671875,67457.3671875,67457.3671875
1961,strong_hegemony,Linear Regression,,,,,1364.9966647265421,1364.9966647265421,1364.9966647265421
1961,strong_hegemony,Decision Tree,,,,,2569.791077257889,2569.791077257889,2569.791077257889
1961,strong_hegemony,Gradient Boosting,,,,,2188.8595965891263,2188.8595965891263,2188.8595965891263
1961,strong_hegemony,XGBoost,,,,,1856.8504638671875,1856.8504638671875,1856.8504638671875
1961,weak_hegemony,Linear Regression,,,,,-321.88832936341817,-321.88832936341817,-321.88832936341817
1961,weak_hegemony,Decision Tree,,,,,118.0,118.0,118.0
1961,weak_hegemony,Gradient Boosting,,,,,119.98569226811345,119.98569226811345,119.98569226811345
1961,weak_hegemony,XGBoost,,,,,-580.9979248046875,-580.9979248046875,-580.9979248046875
1962,OIS,Linear Regression,,,,,7.152557373046875e-07,7.152557373046875e-07,7.152557373046875e-07
1962,OIS,Decision Tree,,,,,4432.37753371677,4432.37753371677,4432.37753371677
1962,OIS,Gradient Boosting,,,,,7467.451644462436,7467.451644462436,7467.451644462436
1962,OIS,XGBoost,,,,,67457.3671875,67457.3671875,67457.3671875
1962,strong_hegemony,Linear Regression,,,,,1364.9966647265421,1364.9966647265421,1364.9966647265421
1962,strong_hegemony,Decision Tree,,,,,2569.791077257889,2569.791077257889,2569.791077257889
1962,strong_hegemony,Gradient Boosting,,,,,2188.8595965891263,2188.8595965891263,2188.8595965891263
1962,strong_hegemony,XGBoost,,,,,1856.8504638671875,1856.8504638671875,1856.8504638671875
1962,weak_hegemony,Linear Regression,,,,,-321.88832936341817,-321.88832936341817,-321.88832936341817
1962,weak_hegemony,Decision Tree,,,,,118.0,118.0,118.0
1962,weak_hegemony,Gradient Boosting,,,,,119.98569226811345,119.98569226811345,119.98569226811345
1962,weak_hegemony,XGBoost,,,,,-580.9979248046875,-580.9979248046875,-580.9979248046875
1963,OIS,Linear Regression,,,,,7.152557373046875e-07,7.152557373046875e-07,7.152557373046875e-07
1963,OIS,Decision Tree,,,,,4432.37753371677,4432.37753371677,4432.37753371677
1963,OIS,Gradient Boosting,,,,,7467.451644462436,7467.451644462436,7467.451644462436
1963,OIS,XGBoost,,,,,67457.3671875,67457.3671875,67457.3671875
1963,strong_hegemony,Linear Regression,,,,,1364.9966647265421,1364.9966647265421,1364.9966647265421
1963,strong_hegemony,Decision Tree,,,,,2569.791077257889,2569.791077257889,2569.791077257889
1963,strong_hegemony,Gradient Boosting,,,,,2188.8595965891263,2188.8595965891263,2188.8595965891263
1963,strong_hegemony,XGBoost,,,,,1856.8504638671875,1856.8504638671875,1856.8504638671875
1963,weak_hegemony,Linear Regression,,,,,-321.88832936341817,-321.88832936341817,-321.88832936341817
1963,weak_hegemony,Decision Tree,,,,,118.0,118.0,118.0
1963,weak_hegemony,Gradient Boosting,,,,,119.98569226811345,119.98569226811345,119.98569226811345
1963,weak_hegemony,XGBoost,,,,,-580.9979248046875,-580.9979248046875,-580.9979248046875
1964,OIS,Linear Regression,,,,,7.152557373046875e-07,7.152557373046875e-07,7.152557373046875e-07
1964,OIS,Decision Tree,,,,,4432.37753371677,4432.37753371677,4432.37753371677
1964,OIS,Gradient Boosting,,,,,7467.451644462436,7467.451644462436,7467.451644462436
1964,OIS,XGBoost,,,,,67457.3671875,67457.3671875,67457.3671875
1964,strong_hegemony,Linear Regression,,,,,1364.9966647265421,1364.9966647265421,1364.9966647265421
1964,strong_hegemony,Decision Tree,,,,,2569.791077257889,2569.791077257889,2569.791077257889
1964,strong_hegemony,Gradient Boosting,,,,,2188.8595965891263,2188.8595965891263,2188.8595965891263
1964,strong_hegemony,XGBoost,,,,,1856.8504638671875,1856.8504638671875,1856.8504638671875
1964,weak_hegemony,Linear Regression,,,,,-321.88832936341817,-321.88832936341817,-321.88832936341817
1964,weak_hegemony,Decision Tree,,,,,118.0,118.0,118.0
1964,weak_hegemony,Gradient Boosting,,,,,119.98569226811345,119.98569226811345,119.98569226811345
1964,weak_hegemony,XGBoost,,,,,-580.9979248046875,-580.9979248046875,-580.9979248046875
1965,OIS,Linear Regression,,,,,7.152557373046875e-07,7.152557373046875e-07,7.152557373046875e-07
1965,OIS,Decision Tree,,,,,4432.37753371677,4432.37753371677,4432.37753371677
1965,OIS,Gradient Boosting,,,,,7467.451644462436,7467.451644462436,7467.451644462436
1965,OIS,XGBoost,,,,,67457.3671875,67457.3671875,67457.3671875
1965,strong_hegemony,Linear Regression,,,,,1364.9966647265421,1364.9966647265421,1364.9966647265421
1965,strong_hegemony,Decision Tree,,,,,2569.791077257889,2569.791077257889,2569.791077257889
1965,strong_hegemony,Gradient Boosting,,,,,2188.8595965891263,2188.8595965891263,2188.8595965891263
1965,strong_hegemony,XGBoost,,,,,1856.8504638671875,1856.8504638671875,1856.8504638671875
1965,weak_hegemony,Linear Regression,,,,,-321.88832936341817,-321.88832936341817,-321.88832936341817
1965,weak_hegemony,Decision Tree,,,,,118.0,118.0,118.0
1965,weak_hegemony,Gradient Boosting,,,,,119.98569226811345,119.98569226811345,119.98569226811345
1965,weak_hegemony,XGBoost,,,,,-580.9979248046875,-580.9979248046875,-580.9979248046875
1966,OIS,Linear Regression,,,,,7.152557373046875e-07,7.152557373046875e-07,7.152557373046875e-07
1966,OIS,Decision Tree,,,,,4432.37753371677,4432.37753371677,4432.37753371677
1966,OIS,Gradient Boosting,,,,,7467.451644462436,7467.451644462436,7467.451644462436
1966,OIS,XGBoost,,,,,67457.3671875,67457.3671875,67457.3671875
1966,strong_hegemony,Linear Regression,,,,,1364.9966647265421,1364.9966647265421,1364.9966647265421
1966,strong_hegemony,Decision Tree,,,,,2569.791077257889,2569.791077257889,2569.791077257889
1966,strong_hegemony,Gradient Boosting,,,,,2188.8595965891263,2188.8595965891263,2188.8595965891263
1966,strong_hegemony,XGBoost,,,,,1856.8504638671875,1856.8504638671875,1856.8504638671875
1966,weak_hegemony,Linear Regression,,,,,-321.88832936341817,-321.88832936341817,-321.88832936341817
1966,weak_hegemony,Decision Tree,,,,,118.0,118.0,118.0
1966,weak_hegemony,Gradient Boosting,,,,,119.98569226811345,119.98569226811345,119.98569226811345
1966,weak_hegemony,XGBoost,,,,,-580.9979248046875,-580.9979248046875,-580.9979248046875
1967,OIS,Linear Regression,,,,,7.152557373046875e-07,7.152557373046875e-07,7.152557373046875e-07
1967,OIS,Decision Tree,,,,,4432.37753371677,4432.37753371677,4432.37753371677
1967,OIS,Gradient Boosting,,,,,7467.451644462436,7467.451644462436,7467.451644462436
1967,OIS,XGBoost,,,,,67457.3671875,67457.3671875,67457.3671875
1967,strong_hegemony,Linear Regression,,,,,1364.9966647265421,1364.9966647265421,1364.9966647265421
1967,strong_hegemony,Decision Tree,,,,,2569.791077257889,2569.791077257889,2569.791077257889
1967,strong_hegemony,Gradient Boosting,,,,,2188.8595965891263,2188.8595965891263,2188.8595965891263
1967,strong_hegemony,XGBoost,,,,,1856.8504638671875,1856.8504638671875,1856.8504638671875
1967,weak_hegemony,Linear Regression,,,,,-321.88832936341817,-321.88832936341817,-321.88832936341817
1967,weak_hegemony,Decision Tree,,,,,118.0,118.0,118.0
1967,weak_hegemony,Gradient Boosting,,,,,119.98569226811345,119.98569226811345,119.98569226811345
1967,weak_hegemony,XGBoost,,,,,-580.9979248046875,-580.9979248046875,-580.9979248046875
1968,OIS,Linear Regression,,,,,7.152557373046875e-07,7.152557373046875e-07,7.152557373046875e-07
1968,OIS,Decision Tree,,,,,4432.37753371677,4432.37753371677,4432.37753371677
1968,OIS,Gradient Boosting,,,,,7467.451644462436,7467.451644462436,7467.451644462436
1968,OIS,XGBoost,,,,,67457.3671875,67457.3671875,67457.3671875
1968,strong_hegemony,Linear Regression,,,,,1364.9966647265421,1364.9966647265421,1364.9966647265421
1968,strong_hegemony,Decision Tree,,,,,2569.791077257889,2569.791077257889,2569.791077257889
1968,strong_hegemony,Gradient Boosting,,,,,2188.8595965891263,2188.8595965891263,2188.8595965891263
1968,strong_hegemony,XGBoost,,,,,1856.8504638671875,1856.8504638671875,1856.8504638671875
1968,weak_hegemony,Linear Regression,,,,,-321.88832936341817,-321.88832936341817,-321.88832936341817
1968,weak_hegemony,Decision Tree,,,,,118.0,118.0,118.0
1968,weak_hegemony,Gradient Boosting,,,,,119.98569226811345,119.98569226811345,119.98569226811345
1968,weak_hegemony,XGBoost,,,,,-580.9979248046875,-580.9979248046875,-580.9979248046875
1969,OIS,Linear Regression,,,,,7.152557373046875e-07,7.152557373046875e-07,7.152557373046875e-07
1969,OIS,Decision Tree,,,,,4432.37753371677,4432.37753371677,4432.37753371677
1969,OIS,Gradient Boosting,,,,,7467.451644462436,7467.451644462436,7467.451644462436
1969,OIS,XGBoost,,,,,67457.3671875,67457.3671875,67457.3671875
1969,strong_hegemony,Linear Regression,,,,,1364.9966647265421,1364.9966647265421,1364.9966647265421
1969,strong_hegemony,Decision Tree,,,,,2569.791077257889,2569.791077257889,2569.791077257889
1969,strong_hegemony,Gradient Boosting,,,,,2188.8595965891263,2188.8595965891263,2188.8595965891263
1969,strong_hegemony,XGBoost,,,,,1856.8504638671875,1856.8504638671875,1856.8504638671875
1969,weak_hegemony,Linear Regression,,,,,-321.88832936341817,-321.88832936341817,-321.88832936341817
1969,weak_hegemony,Decision Tree,,,,,118.0,118.0,118.0
1969,weak_hegemony,Gradient Boosting,,,,,119.98569226811345,119.98569226811345,119.98569226811345
1969,weak_hegemony,XGBoost,,,,,-580.9979248046875,-580.9979248046875,-580.9979248046875
1970,OIS,Linear Regression,,,,,7.152557373046875e-07,7.152557373046875e-07,7.152557373046875e-07
1970,OIS,Decision Tree,,,,,4432.37753371677,4432.37753371677,4432.37753371677
1970,OIS,Gradient Boosting,,,,,7467.451644462436,7467.451644462436,7467.451644462436
1970,OIS,XGBoost,,,,,67457.3671875,67457.3671875,67457.3671875
1970,strong_hegemony,Linear Regression,,,,,1364.9966647265421,1364.9966647265421,1364.9966647265421
1970,strong_hegemony,Decision Tree,,,,,2569.791077257889,2569.791077257889,2569.791077257889
1970,strong_hegemony,Gradient Boosting,,,,,2188.8595965891263,2188.8595965891263,2188.8595965891263
1970,strong_hegemony,XGBoost,,,,,1856.8504638671875,1856.8504638671875,1856.8504638671875
1970,weak_hegemony,Linear Regression,,,,,-321.88832936341817,-321.88832936341817,-321.88832936341817
1970,weak_hegemony,Decision Tree,,,,,118.0,118.0,118.0
1970,weak_hegemony,Gradient Boosting,,,,,119.98569226811345,119.98569226811345,119.98569226811345
1970,weak_hegemony,XGBoost,,,,,-580.9979248046875,-580.9979248046875,-580.9979248046875
1971,OIS,Linear Regression,,,,,7.152557373046875e-07,7.152557373046875e-07,7.152557373046875e-07
1971,OIS,Decision Tree,,,,,4432.37753371677,4432.37753371677,4432.37753371677
1971,OIS,Gradient Boosting,,,,,7467.451644462436,7467.451644462436,7467.451644462436
1971,OIS,XGBoost,,,,,67457.3671875,67457.3671875,67457.3671875
1971,strong_hegemony,Linear Regression,,,,,1364.9966647265421,1364.9966647265421,1364.9966647265421
1971,strong_hegemony,Decision Tree,,,,,2569.791077257889,2569.791077257889,2569.791077257889
1971,strong_hegemony,Gradient Boosting,,,,,2188.8595965891263,2188.8595965891263,2188.8595965891263
1971,strong_hegemony,XGBoost,,,,,1856.8504638671875,1856.8504638671875,1856.8504638671875
1971,weak_hegemony,Linear Regression,,,,,-321.88832936341817,-321.88832936341817,-321.88832936341817
1971,weak_hegemony,Decision Tree,,,,,118.0,118.0,118.0
1971,weak_hegemony,Gradient Boosting,,,,,119.98569226811345,119.98569226811345,119.98569226811345
1971,weak_hegemony,XGBoost,,,,,-580.9979248046875,-580.9979248046875,-580.9979248046875
1972,OIS,Linear Regression,,,,,7.152557373046875e-07,7.152557373046875e-07,7.152557373046875e-07
1972,OIS,Decision Tree,,,,,4432.37753371677,4432.37753371677,4432.37753371677
1972,OIS,Gradient Boosting,,,,,7467.451644462436,7467.451644462436,7467.451644462436
1972,OIS,XGBoost,,,,,67457.3671875,67457.3671875,67457.3671875
1972,strong_hegemony,Linear Regression,,,,,1364.9966647265421,1364.9966647265421,1364.9966647265421
1972,strong_hegemony,Decision Tree,,,,,2569.791077257889,2569.791077257889,2569.791077257889
1972,strong_hegemony,Gradient Boosting,,,,,2188.8595965891263,2188.8595965891263,2188.8595965891263
1972,strong_hegemony,XGBoost,,,,,1856.8504638671875,1856.8504638671875,1856.8504638671875
1972,weak_hegemony,Linear Regression,,,,,-321.88832936341817,-321.88832936341817,-321.88832936341817
1972,weak_hegemony,Decision Tree,,,,,118.0,118.0,118.0
1972,weak_hegemony,Gradient Boosting,,,,,119.98569226811345,119.98569226811345,119.98569226811345
1972,weak_hegemony,XGBoost,,,,,-580.9979248046875,-580.9979248046875,-580.9979248046875
1973,OIS,Linear Regression,,,,,7.152557373046875e-07,7.152557373046875e-07,7.152557373046875e-07
1973,OIS,Decision Tree,,,,,4432.37753371677,4432.37753371677,4432.37753371677
1973,OIS,Gradient Boosting,,,,,7467.451644462436,7467.451644462436,7467.451644462436
1973,OIS,XGBoost,,,,,67457.3671875,67457.3671875,67457.3671875
1973,strong_hegemony,Linear Regression,,,,,1364.9966647265421,1364.9966647265421,1364.9966647265421
1973,strong_hegemony,Decision Tree,,,,,2569.791077257889,2569.791077257889,2569.791077257889
1973,strong_hegemony,Gradient Boosting,,,,,2188.8595965891263,2188.8595965891263,2188.8595965891263
1973,strong_hegemony,XGBoost,,,,,1856.8504638671875,1856.8504638671875,1856.8504638671875
1973,weak_hegemony,Linear Regression,,,,,-321.88832936341817,-321.88832936341817,-321.88832936341817
1973,weak_hegemony,Decision Tree,,,,,118.0,118.0,118.0
1973,weak_hegemony,Gradient Boosting,,,,,119.98569226811345,119.98569226811345,119.98569226811345
1973,weak_hegemony,XGBoost,,,,,-580.9979248046875,-580.9979248046875,-580.9979248046875
1974,OIS,Linear Regression,,,,,7.152557373046875e-07,7.152557373046875e-07,7.152557373046875e-07
1974,OIS,Decision Tree,,,,,4432.37753371677,4432.37753371677,4432.37753371677
1974,OIS,Gradient Boosting,,,,,7467.451644462436,7467.451644462436,7467.451644462436
1974,OIS,XGBoost,,,,,67457.3671875,67457.3671875,67457.3671875
1974,strong_hegemony,Linear Regression,,,,,1364.9966647265421,1364.9966647265421,1364.9966647265421
1974,strong_hegemony,Decision Tree,,,,,2569.791077257889,2569.791077257889,2569.791077257889
1974,strong_hegemony,Gradient Boosting,,,,,2188.8595965891263,2188.8595965891263,2188.8595965891263
1974,strong_hegemony,XGBoost,,,,,1856.8504638671875,1856.8504638671875,1856.8504638671875
1974,weak_hegemony,Linear Regression,,,,,-321.88832936341817,-321.88832936341817,-321.88832936341817
1974,weak_hegemony,Decision Tree,,,,,118.0,118.0,118.0
1974,weak_hegemony,Gradient Boosting,,,,,119.98569226811345,119.98569226811345,119.98569226811345
1974,weak_hegemony,XGBoost,,,,,-580.9979248046875,-580.9979248046875,-580.9979248046875
1975,OIS,Linear Regression,,,,,7.152557373046875e-07,7.152557373046875e-07,7.152557373046875e-07
1975,OIS,Decision Tree,,,,,4432.37753371677,4432.37753371677,4432.37753371677
1975,OIS,Gradient Boosting,,,,,7467.451644462436,7467.451644462436,7467.451644462436
1975,OIS,XGBoost,,,,,67457.3671875,67457.3671875,67457.3671875
1975,strong_hegemony,Linear Regression,,,,,1364.9966647265421,1364.9966647265421,1364.9966647265421
1975,strong_hegemony,Decision Tree,,,,,2569.791077257889,2569.791077257889,2569.791077257889
1975,strong_hegemony,Gradient Boosting,,,,,2188.8595965891263,2188.8595965891263,2188.8595965891263
1975,strong_hegemony,XGBoost,,,,,1856.8504638671875,1856.8504638671875,1856.8504638671875
1975,weak_hegemony,Linear Regression,,,,,-321.88832936341817,-321.88832936341817,-321.88832936341817
1975,weak_hegemony,Decision Tree,,,,,118.0,118.0,118.0
1975,weak_hegemony,Gradient Boosting,,,,,119.98569226811345,119.98569226811345,119.98569226811345
1975,weak_hegemony,XGBoost,,,,,-580.9979248046875,-580.9979248046875,-580.9979248046875
1976,OIS,Linear Regression,,,,,7.152557373046875e-07,7.152557373046875e-07,7.152557373046875e-07
1976,OIS,Decision Tree,,,,,4432.37753371677,4432.37753371677,4432.37753371677
1976,OIS,Gradient Boosting,,,,,7467.451644462436,7467.451644462436,7467.451644462436
1976,OIS,XGBoost,,,,,67457.3671875,67457.3671875,67457.3671875
1976,strong_hegemony,Linear Regression,,,,,1364.9966647265421,1364.9966647265421,1364.9966647265421
1976,strong_hegemony,Decision Tree,,,,,2569.791077257889,2569.791077257889,2569.791077257889
1976,strong_hegemony,Gradient Boosting,,,,,2188.8595965891263,2188.8595965891263,2188.8595965891263
1976,strong_hegemony,XGBoost,,,,,1856.8504638671875,1856.8504638671875,1856.8504638671875
1976,weak_hegemony,Linear Regression,,,,,-321.88832936341817,-321.88832936341817,-321.88832936341817
1976,weak_hegemony,Decision Tree,,,,,118.0,118.0,118.0
1976,weak_hegemony,Gradient Boosting,,,,,119.98569226811345,119.98569226811345,119.98569226811345
1976,weak_hegemony,XGBoost,,,,,-580.9979248046875,-580.9979248046875,-580.9979248046875
1977,OIS,Linear Regression,,,,,7.152557373046875e-07,7.152557373046875e-07,7.152557373046875e-07
1977,OIS,Decision Tree,,,,,4432.37753371677,4432.37753371677,4432.37753371677
1977,OIS,Gradient Boosting,,,,,7467.451644462436,7467.451644462436,7467.451644462436
1977,OIS,XGBoost,,,,,67457.3671875,67457.3671875,67457.3671875
1977,strong_hegemony,Linear Regression,,,,,1364.9966647265421,1364.9966647265421,1364.9966647265421
1977,strong_hegemony,Decision Tree,,,,,2569.791077257889,2569.791077257889,2569.791077257889
1977,strong_hegemony,Gradient Boosting,,,,,2188.8595965891263,2188.8595965891263,2188.8595965891263
1977,strong_hegemony,XGBoost,,,,,1856.8504638671875,1856.8504638671875,1856.8504638671875
1977,weak_hegemony,Linear Regression,,,,,-321.88832936341817,-321.88832936341817,-321.88832936341817
1977,weak_hegemony,Decision Tree,,,,,118.0,118.0,118.0
1977,weak_hegemony,Gradient Boosting,,,,,119.98569226811345,119.98569226811345,119.98569226811345
1977,weak_hegemony,XGBoost,,,,,-580.9979248046875,-580.9979248046875,-580.9979248046875
1978,OIS,Linear Regression,,,,,7.152557373046875e-07,7.152557373046875e-07,7.152557373046875e-07
1978,OIS,Decision Tree,,,,,4432.37753371677,4432.37753371677,4432.37753371677
1978,OIS,Gradient Boosting,,,,,7467.451644462436,7467.451644462436,7467.451644462436
1978,OIS,XGBoost,,,,,67457.3671875,67457.3671875,67457.3671875
1978,strong_hegemony,Linear Regression,,,,,1364.9966647265421,1364.9966647265421,1364.9966647265421
1978,strong_hegemony,Decision Tree,,,,,2569.791077257889,2569.791077257889,2569.791077257889
1978,strong_hegemony,Gradient Boosting,,,,,2188.8595965891263,2188.8595965891263,2188.8595965891263
1978,strong_hegemony,XGBoost,,,,,1856.8504638671875,1856.8504638671875,1856.8504638671875
1978,weak_hegemony,Linear Regression,,,,,-321.88832936341817,-321.88832936341817,-321.88832936341817
1978,weak_hegemony,Decision Tree,,,,,118.0,118.0,118.0
1978,weak_hegemony,Gradient Boosting,,,,,119.98569226811345,119.98569226811345,119.98569226811345
1978,weak_hegemony,XGBoost,,,,,-580.9979248046875,-580.9979248046875,-580.9979248046875
1979,OIS,Linear Regression,,,,,7.152557373046875e-07,7.152557373046875e-07,7.152557373046875e-07
1979,OIS,Decision Tree,,,,,4432.37753371677,4432.37753371677,4432.37753371677
1979,OIS,Gradient Boosting,,,,,7467.451644462436,7467.451644462436,7467.451644462436
1979,OIS,XGBoost,,,,,67457.3671875,67457.3671875,67457.3671875
1979,strong_hegemony,Linear Regression,,,,,1364.9966647265421,1364.9966647265421,1364.9966647265421
1979,strong_hegemony,Decision Tree,,,,,2569.791077257889,2569.791077257889,2569.791077257889
1979,strong_hegemony,Gradient Boosting,,,,,2188.8595965891263,2188.8595965891263,2188.8595965891263
1979,strong_hegemony,XGBoost,,,,,1856.8504638671875,1856.8504638671875,1856.8504638671875
1979,weak_hegemony,Linear Regression,,,,,-321.88832936341817,-321.88832936341817,-321.88832936341817
1979,weak_hegemony,Decision Tree,,,,,118.0,118.0,118.0
1979,weak_hegemony,Gradient Boosting,,,,,119.98569226811345,119.98569226811345,119.98569226811345
1979,weak_hegemony,XGBoost,,,,,-580.9979248046875,-580.9979248046875,-580.9979248046875
1980,OIS,Linear Regression,,,,,7.152557373046875e-07,7.152557373046875e-07,7.152557373046875e-07
1980,OIS,Decision Tree,,,,,4432.37753371677,4432.37753371677,4432.37753371677
1980,OIS,Gradient Boosting,,,,,7467.451644462436,7467.451644462436,7467.451644462436
1980,OIS,XGBoost,,,,,67457.3671875,67457.3671875,67457.3671875
1980,strong_hegemony,Linear Regression,,,,,1364.9966647265421,1364.9966647265421,1364.9966647265421
1980,strong_hegemony,Decision Tree,,,,,2569.791077257889,2569.791077257889,2569.791077257889
1980,strong_hegemony,Gradient Boosting,,,,,2188.8595965891263,2188.8595965891263,2188.8595965891263
1980,strong_hegemony,XGBoost,,,,,1856.8504638671875,1856.8504638671875,1856.8504638671875
1980,weak_hegemony,Linear Regression,,,,,-321.88832936341817,-321.88832936341817,-321.88832936341817
1980,weak_hegemony,Decision Tree,,,,,118.0,118.0,118.0
1980,weak_hegemony,Gradient Boosting,,,,,119.98569226811345,119.98569226811345,119.98569226811345
1980,weak_hegemony,XGBoost,,,,,-580.9979248046875,-580.9979248046875,-580.9979248046875
1981,OIS,Linear Regression,,,,,7.152557373046875e-07,7.152557373046875e-07,7.152557373046875e-07
1981,OIS,Decision Tree,,,,,4432.37753371677,4432.37753371677,4432.37753371677
1981,OIS,Gradient Boosting,,,,,7467.451644462436,7467.451644462436,7467.451644462436
1981,OIS,XGBoost,,,,,67457.3671875,67457.3671875,67457.3671875
1981,strong_hegemony,Linear Regression,,,,,1364.9966647265421,1364.9966647265421,1364.9966647265421
1981,strong_hegemony,Decision Tree,,,,,2569.791077257889,2569.791077257889,2569.791077257889
1981,strong_hegemony,Gradient Boosting,,,,,2188.8595965891263,2188.8595965891263,2188.8595965891263
1981,strong_hegemony,XGBoost,,,,,1856.8504638671875,1856.8504638671875,1856.8504638671875
1981,weak_hegemony,Linear Regression,,,,,-321.88832936341817,-321.88832936341817,-321.88832936341817
1981,weak_hegemony,Decision Tree,,,,,118.0,118.0,118.0
1981,weak_hegemony,Gradient Boosting,,,,,119.98569226811345,119.98569226811345,119.98569226811345
1981,weak_hegemony,XGBoost,,,,,-580.9979248046875,-580.9979248046875,-580.9979248046875
1982,OIS,Linear Regression,,,,,7.152557373046875e-07,7.152557373046875e-07,7.152557373046875e-07
1982,OIS,Decision Tree,,,,,4432.37753371677,4432.37753371677,4432.37753371677
1982,OIS,Gradient Boosting,,,,,7467.451644462436,7467.451644462436,7467.451644462436
1982,OIS,XGBoost,,,,,67457.3671875,67457.3671875,67457.3671875
1982,strong_hegemony,Linear Regression,,,,,1364.9966647265421,1364.9966647265421,1364.9966647265421
1982,strong_hegemony,Decision Tree,,,,,2569.791077257889,2569.791077257889,2569.791077257889
1982,strong_hegemony,Gradient Boosting,,,,,2188.8595965891263,2188.8595965891263,2188.8595965891263
1982,strong_hegemony,XGBoost,,,,,1856.8504638671875,1856.8504638671875,1856.8504638671875
1982,weak_hegemony,Linear Regression,,,,,-321.88832936341817,-321.88832936341817,-321.88832936341817
1982,weak_hegemony,Decision Tree,,,,,118.0,118.0,118.0
1982,weak_hegemony,Gradient Boosting,,,,,119.98569226811345,119.98569226811345,119.98569226811345
1982,weak_hegemony,XGBoost,,,,,-580.9979248046875,-580.9979248046875,-580.9979248046875
1983,OIS,Linear Regression,,,,,7.152557373046875e-07,7.152557373046875e-07,7.152557373046875e-07
1983,OIS,Decision Tree,,,,,4432.37753371677,4432.37753371677,4432.37753371677
1983,OIS,Gradient Boosting,,,,,7467.451644462436,7467.451644462436,7467.451644462436
1983,OIS,XGBoost,,,,,67457.3671875,67457.3671875,67457.3671875
1983,strong_hegemony,Linear Regression,,,,,1364.9966647265421,1364.9966647265421,1364.9966647265421
1983,strong_hegemony,Decision Tree,,,,,2569.791077257889,2569.791077257889,2569.791077257889
1983,strong_hegemony,Gradient Boosting,,,,,2188.8595965891263,2188.8595965891263,2188.8595965891263
1983,strong_hegemony,XGBoost,,,,,1856.8504638671875,1856.8504638671875,1856.8504638671875
1983,weak_hegemony,Linear Regression,,,,,-321.88832936341817,-321.88832936341817,-321.88832936341817
1983,weak_hegemony,Decision Tree,,,,,118.0,118.0,118.0
1983,weak_hegemony,Gradient Boosting,,,,,119.98569226811345,119.98569226811345,119.98569226811345
1983,weak_hegemony,XGBoost,,,,,-580.9979248046875,-580.9979248046875,-580.9979248046875
1984,OIS,Linear Regression,,,,,7.152557373046875e-07,7.152557373046875e-07,7.152557373046875e-07
1984,OIS,Decision Tree,,,,,4432.37753371677,4432.37753371677,4432.37753371677
1984,OIS,Gradient Boosting,,,,,7467.451644462436,7467.451644462436,7467.451644462436
1984,OIS,XGBoost,,,,,67457.3671875,67457.3671875,67457.3671875
1984,strong_hegemony,Linear Regression,,,,,1364.9966647265421,1364.9966647265421,1364.9966647265421
1984,strong_hegemony,Decision Tree,,,,,2569.791077257889,2569.791077257889,2569.791077257889
1984,strong_hegemony,Gradient Boosting,,,,,2188.8595965891263,2188.8595965891263,2188.8595965891263
1984,strong_hegemony,XGBoost,,,,,1856.8504638671875,1856.8504638671875,1856.8504638671875
1984,weak_hegemony,Linear Regression,,,,,-321.88832936341817,-321.88832936341817,-321.88832936341817
1984,weak_hegemony,Decision Tree,,,,,118.0,118.0,118.0
1984,weak_hegemony,Gradient Boosting,,,,,119.98569226811345,119.98569226811345,119.98569226811345
1984,weak_hegemony,XGBoost,,,,,-580.9979248046875,-580.9979248046875,-580.9979248046875
1985,OIS,Linear Regression,,,,,7.152557373046875e-07,7.152557373046875e-07,7.152557373046875e-07
1985,OIS,Decision Tree,,,,,4432.37753371677,4432.37753371677,4432.37753371677
1985,OIS,Gradient Boosting,,,,,7467.451644462436,7467.451644462436,7467.451644462436
1985,OIS,XGBoost,,,,,67457.3671875,67457.3671875,67457.3671875
1985,strong_hegemony,Linear Regression,,,,,1364.9966647265421,1364.9966647265421,1364.9966647265421
1985,strong_hegemony,Decision Tree,,,,,2569.791077257889,2569.791077257889,2569.791077257889
1985,strong_hegemony,Gradient Boosting,,,,,2188.8595965891263,2188.8595965891263,2188.8595965891263
1985,strong_hegemony,XGBoost,,,,,1856.8504638671875,1856.8504638671875,1856.8504638671875
1985,weak_hegemony,Linear Regression,,,,,-321.88832936341817,-321.88832936341817,-321.88832936341817
1985,weak_hegemony,Decision Tree,,,,,118.0,118.0,118.0
1985,weak_hegemony,Gradient Boosting,,,,,119.98569226811345,119.98569226811345,119.98569226811345
1985,weak_hegemony,XGBoost,,,,,-580.9979248046875,-580.9979248046875,-580.9979248046875
1986,OIS,Linear Regression,,,,,7.152557373046875e-07,7.152557373046875e-07,7.152557373046875e-07
1986,OIS,Decision Tree,,,,,4432.37753371677,4432.37753371677,4432.37753371677
1986,OIS,Gradient Boosting,,,,,7467.451644462436,7467.451644462436,7467.451644462436
1986,OIS,XGBoost,,,,,67457.3671875,67457.3671875,67457.3671875
1986,strong_hegemony,Linear Regression,,,,,1364.9966647265421,1364.9966647265421,1364.9966647265421
1986,strong_hegemony,Decision Tree,,,,,2569.791077257889,2569.791077257889,2569.791077257889
1986,strong_hegemony,Gradient Boosting,,,,,2188.8595965891263,2188.8595965891263,2188.8595965891263
1986,strong_hegemony,XGBoost,,,,,1856.8504638671875,1856.8504638671875,1856.8504638671875
1986,weak_hegemony,Linear Regression,,,,,-321.88832936341817,-321.88832936341817,-321.88832936341817
1986,weak_hegemony,Decision Tree,,,,,118.0,118.0,118.0
1986,weak_hegemony,Gradient Boosting,,,,,119.98569226811345,119.98569226811345,119.98569226811345
1986,weak_hegemony,XGBoost,,,,,-580.9979248046875,-580.9979248046875,-580.9979248046875
1987,OIS,Linear Regression,,,,,7.152557373046875e-07,7.152557373046875e-07,7.152557373046875e-07
1987,OIS,Decision Tree,,,,,4432.37753371677,4432.37753371677,4432.37753371677
1987,OIS,Gradient Boosting,,,,,7467.451644462436,7467.451644462436,7467.451644462436
1987,OIS,XGBoost,,,,,67457.3671875,67457.3671875,67457.3671875
1987,strong_hegemony,Linear Regression,,,,,1364.9966647265421,1364.9966647265421,1364.9966647265421
1987,strong_hegemony,Decision Tree,,,,,2569.791077257889,2569.791077257889,2569.791077257889
1987,strong_hegemony,Gradient Boosting,,,,,2188.8595965891263,2188.8595965891263,2188.8595965891263
1987,strong_hegemony,XGBoost,,,,,1856.8504638671875,1856.8504638671875,1856.8504638671875
1987,weak_hegemony,Linear Regression,,,,,-321.88832936341817,-321.88832936341817,-321.88832936341817
1987,weak_hegemony,Decision Tree,,,,,118.0,118.0,118.0
1987,weak_hegemony,Gradient Boosting,,,,,119.98569226811345,119.98569226811345,119.98569226811345
1987,weak_hegemony,XGBoost,,,,,-580.9979248046875,-580.9979248046875,-580.9979248046875
1988,OIS,Linear Regression,,,,,7.152557373046875e-07,7.152557373046875e-07,7.152557373046875e-07
1988,OIS,Decision Tree,,,,,4432.37753371677,4432.37753371677,4432.37753371677
1988,OIS,Gradient Boosting,,,,,7467.451644462436,7467.451644462436,7467.451644462436
1988,OIS,XGBoost,,,,,67457.3671875,67457.3671875,67457.3671875
1988,strong_hegemony,Linear Regression,,,,,1364.9966647265421,1364.9966647265421,1364.9966647265421
1988,strong_hegemony,Decision Tree,,,,,2569.791077257889,2569.791077257889,2569.791077257889
1988,strong_hegemony,Gradient Boosting,,,,,2188.8595965891263,2188.8595965891263,2188.8595965891263
1988,strong_hegemony,XGBoost,,,,,1856.8504638671875,1856.8504638671875,1856.8504638671875
1988,weak_hegemony,Linear Regression,,,,,-321.88832936341817,-321.88832936341817,-321.88832936341817
1988,weak_hegemony,Decision Tree,,,,,118.0,118.0,118.0
1988,weak_hegemony,Gradient Boosting,,,,,119.98569226811345,119.98569226811345,119.98569226811345
1988,weak_hegemony,XGBoost,,,,,-580.9979248046875,-580.9979248046875,-580.9979248046875
1989,OIS,Linear Regression,,,,,7.152557373046875e-07,7.152557373046875e-07,7.152557373046875e-07
1989,OIS,Decision Tree,,,,,4432.37753371677,4432.37753371677,4432.37753371677
1989,OIS,Gradient Boosting,,,,,7467.451644462436,7467.451644462436,7467.451644462436
1989,OIS,XGBoost,,,,,67457.3671875,67457.3671875,67457.3671875
1989,strong_hegemony,Linear Regression,,,,,1364.9966647265421,1364.9966647265421,1364.9966647265421
1989,strong_hegemony,Decision Tree,,,,,2569.791077257889,2569.791077257889,2569.791077257889
1989,strong_hegemony,Gradient Boosting,,,,,2188.8595965891263,2188.8595965891263,2188.8595965891263
1989,strong_hegemony,XGBoost,,,,,1856.8504638671875,1856.8504638671875,1856.8504638671875
1989,weak_hegemony,Linear Regression,,,,,-321.88832936341817,-321.88832936341817,-321.88832936341817
1989,weak_hegemony,Decision Tree,,,,,118.0,118.0,118.0
1989,weak_hegemony,Gradient Boosting,,,,,119.98569226811345,119.98569226811345,119.98569226811345
1989,weak_hegemony,XGBoost,,,,,-580.9979248046875,-580.9979248046875,-580.9979248046875
1990,OIS,Linear Regression,,,,,7.152557373046875e-07,7.152557373046875e-07,7.152557373046875e-07
1990,OIS,Decision Tree,,,,,4432.37753371677,4432.37753371677,4432.37753371677
1990,OIS,Gradient Boosting,,,,,7467.451644462436,7467.451644462436,7467.451644462436
1990,OIS,XGBoost,,,,,67457.3671875,67457.3671875,67457.3671875
1990,strong_hegemony,Linear Regression,,,,,1364.9966647265421,1364.9966647265421,1364.9966647265421
1990,strong_hegemony,Decision Tree,,,,,2569.791077257889,2569.791077257889,2569.791077257889
1990,strong_hegemony,Gradient Boosting,,,,,2188.8595965891263,2188.8595965891263,2188.8595965891263
1990,strong_hegemony,XGBoost,,,,,1856.8504638671875,1856.8504638671875,1856.8504638671875
1990,weak_hegemony,Linear Regression,,,,,-321.88832936341817,-321.88832936341817,-321.88832936341817
1990,weak_hegemony,Decision Tree,,,,,118.0,118.0,118.0
1990,weak_hegemony,Gradient Boosting,,,,,119.98569226811345,119.98569226811345,119.98569226811345
1990,weak_hegemony,XGBoost,,,,,-580.9979248046875,-580.9979248046875,-580.9979248046875
1991,OIS,Linear Regression,,,,,7.152557373046875e-07,7.152557373046875e-07,7.152557373046875e-07
1991,OIS,Decision Tree,,,,,4432.37753371677,4432.37753371677,4432.37753371677
1991,OIS,Gradient Boosting,,,,,7467.451644462436,7467.451644462436,7467.451644462436
1991,OIS,XGBoost,,,,,67457.3671875,67457.3671875,67457.3671875
1991,strong_hegemony,Linear Regression,,,,,1364.9966647265421,1364.9966647265421,1364.9966647265421
1991,strong_hegemony,Decision Tree,,,,,2569.791077257889,2569.791077257889,2569.791077257889
1991,strong_hegemony,Gradient Boosting,,,,,2188.8595965891263,2188.8595965891263,2188.8595965891263
1991,strong_hegemony,XGBoost,,,,,1856.8504638671875,1856.8504638671875,1856.8504638671875
1991,weak_hegemony,Linear Regression,,,,,-321.88832936341817,-321.88832936341817,-321.88832936341817
1991,weak_hegemony,Decision Tree,,,,,118.0,118.0,118.0
1991,weak_hegemony,Gradient Boosting,,,,,119.98569226811345,119.98569226811345,119.98569226811345
1991,weak_hegemony,XGBoost,,,,,-580.9979248046875,-580.9979248046875,-580.9979248046875
1992,OIS,Linear Regression,,,,,7.152557373046875e-07,7.152557373046875e-07,7.152557373046875e-07
1992,OIS,Decision Tree,,,,,4432.37753371677,4432.37753371677,4432.37753371677
1992,OIS,Gradient Boosting,,,,,7467.451644462436,7467.451644462436,7467.451644462436
1992,OIS,XGBoost,,,,,67457.3671875,67457.3671875,67457.3671875
1992,strong_hegemony,Linear Regression,,,,,1364.9966647265421,1364.9966647265421,1364.9966647265421
1992,strong_hegemony,Decision Tree,,,,,2569.791077257889,2569.791077257889,2569.791077257889
1992,strong_hegemony,Gradient Boosting,,,,,2188.8595965891263,2188.8595965891263,2188.8595965891263
1992,strong_hegemony,XGBoost,,,,,1856.8504638671875,1856.8504638671875,1856.8504638671875
1992,weak_hegemony,Linear Regression,,,,,-321.88832936341817,-321.88832936341817,-321.88832936341817
1992,weak_hegemony,Decision Tree,,,,,118.0,118.0,118.0
1992,weak_hegemony,Gradient Boosting,,,,,119.98569226811345,119.98569226811345,119.98569226811345
1992,weak_hegemony,XGBoost,,,,,-580.9979248046875,-580.9979248046875,-580.9979248046875
1993,OIS,Linear Regression,,,,,7.152557373046875e-07,7.152557373046875e-07,7.152557373046875e-07
1993,OIS,Decision Tree,,,,,4432.37753371677,4432.37753371677,4432.37753371677
1993,OIS,Gradient Boosting,,,,,7467.451644462436,7467.451644462436,7467.451644462436
1993,OIS,XGBoost,,,,,67457.3671875,67457.3671875,67457.3671875
1993,strong_hegemony,Linear Regression,,,,,1364.9966647265421,1364.9966647265421,1364.9966647265421
1993,strong_hegemony,Decision Tree,,,,,2569.791077257889,2569.791077257889,2569.791077257889
1993,strong_hegemony,Gradient Boosting,,,,,2188.8595965891263,2188.8595965891263,2188.8595965891263
1993,strong_hegemony,XGBoost,,,,,1856.8504638671875,1856.8504638671875,1856.8504638671875
1993,weak_hegemony,Linear Regression,,,,,-321.88832936341817,-321.88832936341817,-321.88832936341817
1993,weak_hegemony,Decision Tree,,,,,118.0,118.0,118.0
1993,weak_hegemony,Gradient Boosting,,,,,119.98569226811345,119.98569226811345,119.98569226811345
1993,weak_hegemony,XGBoost,,,,,-580.9979248046875,-580.9979248046875,-580.9979248046875
1994,OIS,Linear Regression,,,,,7.152557373046875e-07,7.152557373046875e-07,7.152557373046875e-07
1994,OIS,Decision Tree,,,,,4432.37753371677,4432.37753371677,4432.37753371677
1994,OIS,Gradient Boosting,,,,,7467.451644462436,7467.451644462436,7467.451644462436
1994,OIS,XGBoost,,,,,67457.3671875,67457.3671875,67457.3671875
1994,strong_hegemony,Linear Regression,,,,,1364.9966647265421,1364.9966647265421,1364.9966647265421
1994,strong_hegemony,Decision Tree,,,,,2569.791077257889,2569.791077257889,2569.791077257889
1994,strong_hegemony,Gradient Boosting,,,,,2188.8595965891263,2188.8595965891263,2188.8595965891263
1994,strong_hegemony,XGBoost,,,,,1856.8504638671875,1856.8504638671875,1856.8504638671875
1994,weak_hegemony,Linear Regression,,,,,-321.88832936341817,-321.88832936341817,-321.88832936341817
1994,weak_hegemony,Decision Tree,,,,,118.0,118.0,118.0
1994,weak_hegemony,Gradient Boosting,,,,,119.98569226811345,119.98569226811345,119.98569226811345
1994,weak_hegemony,XGBoost,,,,,-580.9979248046875,-580.9979248046875,-580.9979248046875
1995,OIS,Linear Regression,,,,,7.152557373046875e-07,7.152557373046875e-07,7.152557373046875e-07
1995,OIS,Decision Tree,,,,,4432.37753371677,4432.37753371677,4432.37753371677
1995,OIS,Gradient Boosting,,,,,7467.451644462436,7467.451644462436,7467.451644462436
1995,OIS,XGBoost,,,,,67457.3671875,67457.3671875,67457.3671875
1995,strong_hegemony,Linear Regression,,,,,1364.9966647265421,1364.9966647265421,1364.9966647265421
1995,strong_hegemony,Decision Tree,,,,,2569.791077257889,2569.791077257889,2569.791077257889
1995,strong_hegemony,Gradient Boosting,,,,,2188.8595965891263,2188.8595965891263,2188.8595965891263
1995,strong_hegemony,XGBoost,,,,,1856.8504638671875,1856.8504638671875,1856.8504638671875
1995,weak_hegemony,Linear Regression,,,,,-321.88832936341817,-321.88832936341817,-321.88832936341817
1995,weak_hegemony,Decision Tree,,,,,118.0,118.0,118.0
1995,weak_hegemony,Gradient Boosting,,,,,119.98569226811345,119.98569226811345,119.98569226811345
1995,weak_hegemony,XGBoost,,,,,-580.9979248046875,-580.9979248046875,-580.9979248046875
1996,OIS,Linear Regression,,,,,7.152557373046875e-07,7.152557373046875e-07,7.152557373046875e-07
1996,OIS,Decision Tree,,,,,4432.37753371677,4432.37753371677,4432.37753371677
1996,OIS,Gradient Boosting,,,,,7467.451644462436,7467.451644462436,7467.451644462436
1996,OIS,XGBoost,,,,,67457.3671875,67457.3671875,67457.3671875
1996,strong_hegemony,Linear Regression,,,,,1364.9966647265421,1364.9966647265421,1364.9966647265421
1996,strong_hegemony,Decision Tree,,,,,2569.791077257889,2569.791077257889,2569.791077257889
1996,strong_hegemony,Gradient Boosting,,,,,2188.8595965891263,2188.8595965891263,2188.8595965891263
1996,strong_hegemony,XGBoost,,,,,1856.8504638671875,1856.8504638671875,1856.8504638671875
1996,weak_hegemony,Linear Regression,,,,,-321.88832936341817,-321.88832936341817,-321.88832936341817
1996,weak_hegemony,Decision Tree,,,,,118.0,118.0,118.0
1996,weak_hegemony,Gradient Boosting,,,,,119.98569226811345,119.98569226811345,119.98569226811345
1996,weak_hegemony,XGBoost,,,,,-580.9979248046875,-580.9979248046875,-580.9979248046875
1997,OIS,Linear Regression,,,,,7.152557373046875e-07,7.152557373046875e-07,7.152557373046875e-07
1997,OIS,Decision Tree,,,,,4432.37753371677,4432.37753371677,4432.37753371677
1997,OIS,Gradient Boosting,,,,,7467.451644462436,7467.451644462436,7467.451644462436
1997,OIS,XGBoost,,,,,67457.3671875,67457.3671875,67457.3671875
1997,strong_hegemony,Linear Regression,,,,,1364.9966647265421,1364.9966647265421,1364.9966647265421
1997,strong_hegemony,Decision Tree,,,,,2569.791077257889,2569.791077257889,2569.791077257889
1997,strong_hegemony,Gradient Boosting,,,,,2188.8595965891263,2188.8595965891263,2188.8595965891263
1997,strong_hegemony,XGBoost,,,,,1856.8504638671875,1856.8504638671875,1856.8504638671875
1997,weak_hegemony,Linear Regression,,,,,-321.88832936341817,-321.88832936341817,-321.88832936341817
1997,weak_hegemony,Decision Tree,,,,,118.0,118.0,118.0
1997,weak_hegemony,Gradient Boosting,,,,,119.98569226811345,119.98569226811345,119.98569226811345
1997,weak_hegemony,XGBoost,,,,,-580.9979248046875,-580.9979248046875,-580.9979248046875
1998,OIS,Linear Regression,,,,,7.152557373046875e-07,7.152557373046875e-07,7.152557373046875e-07
1998,OIS,Decision Tree,,,,,4432.37753371677,4432.37753371677,4432.37753371677
1998,OIS,Gradient Boosting,,,,,7467.451644462436,7467.451644462436,7467.451644462436
1998,OIS,XGBoost,,,,,67457.3671875,67457.3671875,67457.3671875
1998,strong_hegemony,Linear Regression,,,,,1364.9966647265421,1364.9966647265421,1364.9966647265421
1998,strong_hegemony,Decision Tree,,,,,2569.791077257889,2569.791077257889,2569.791077257889
1998,strong_hegemony,Gradient Boosting,,,,,2188.8595965891263,2188.8595965891263,2188.8595965891263
1998,strong_hegemony,XGBoost,,,,,1856.8504638671875,1856.8504638671875,1856.8504638671875
1998,weak_hegemony,Linear Regression,,,,,-321.88832936341817,-321.88832936341817,-321.88832936341817
1998,weak_hegemony,Decision Tree,,,,,118.0,118.0,118.0
1998,weak_hegemony,Gradient Boosting,,,,,119.98569226811345,119.98569226811345,119.98569226811345
1998,weak_hegemony,XGBoost,,,,,-580.9979248046875,-580.9979248046875,-580.9979248046875
1999,OIS,Linear Regression,,,,,7.152557373046875e-07,7.152557373046875e-07,7.152557373046875e-07
1999,OIS,Decision Tree,,,,,4432.37753371677,4432.37753371677,4432.37753371677
1999,OIS,Gradient Boosting,,,,,7467.451644462436,7467.451644462436,7467.451644462436
1999,OIS,XGBoost,,,,,67457.3671875,67457.3671875,67457.3671875
1999,strong_hegemony,Linear Regression,,,,,1364.9966647265421,1364.9966647265421,1364.9966647265421
1999,strong_hegemony,Decision Tree,,,,,2569.791077257889,2569.791077257889,2569.791077257889
1999,strong_hegemony,Gradient Boosting,,,,,2188.8595965891263,2188.8595965891263,2188.8595965891263
1999,strong_hegemony,XGBoost,,,,,1856.8504638671875,1856.8504638671875,1856.8504638671875
1999,weak_hegemony,Linear Regression,,,,,-321.88832936341817,-321.88832936341817,-321.88832936341817
1999,weak_hegemony,Decision Tree,,,,,118.0,118.0,118.0
1999,weak_hegemony,Gradient Boosting,,,,,119.98569226811345,119.98569226811345,119.98569226811345
1999,weak_hegemony,XGBoost,,,,,-580.9979248046875,-580.9979248046875,-580.9979248046875
2000,OIS,Linear Regression,,,,,7.152557373046875e-07,7.152557373046875e-07,7.152557373046875e-07
2000,OIS,Decision Tree,,,,,4432.37753371677,4432.37753371677,4432.37753371677
2000,OIS,Gradient Boosting,,,,,7467.451644462436,7467.451644462436,7467.451644462436
2000,OIS,XGBoost,,,,,67457.3671875,67457.3671875,67457.3671875
2000,strong_hegemony,Linear Regression,,,,,1364.9966647265421,1364.9966647265421,1364.9966647265421
2000,strong_hegemony,Decision Tree,,,,,2569.791077257889,2569.791077257889,2569.791077257889
2000,strong_hegemony,Gradient Boosting,,,,,2188.8595965891263,2188.8595965891263,2188.8595965891263
2000,strong_hegemony,XGBoost,,,,,1856.8504638671875,1856.8504638671875,1856.8504638671875
2000,weak_hegemony,Linear Regression,,,,,-321.88832936341817,-321.88832936341817,-321.88832936341817
2000,weak_hegemony,Decision Tree,,,,,118.0,118.0,118.0
2000,weak_hegemony,Gradient Boosting,,,,,119.98569226811345,119.98569226811345,119.98569226811345
2000,weak_hegemony,XGBoost,,,,,-580.9979248046875,-580.9979248046875,-580.9979248046875
2001,OIS,Linear Regression,,,,,7.152557373046875e-07,7.152557373046875e-07,7.152557373046875e-07
2001,OIS,Decision Tree,,,,,4432.37753371677,4432.37753371677,4432.37753371677
2001,OIS,Gradient Boosting,,,,,7467.451644462436,7467.451644462436,7467.451644462436
2001,OIS,XGBoost,,,,,67457.3671875,67457.3671875,67457.3671875
2001,strong_hegemony,Linear Regression,,,,,1364.9966647265421,1364.9966647265421,1364.9966647265421
2001,strong_hegemony,Decision Tree,,,,,2569.791077257889,2569.791077257889,2569.791077257889
2001,strong_hegemony,Gradient Boosting,,,,,2188.8595965891263,2188.8595965891263,2188.8595965891263
2001,strong_hegemony,XGBoost,,,,,1856.8504638671875,1856.8504638671875,1856.8504638671875
2001,weak_hegemony,Linear Regression,,,,,-321.88832936341817,-321.88832936341817,-321.88832936341817
2001,weak_hegemony,Decision Tree,,,,,118.0,118.0,118.0
2001,weak_hegemony,Gradient Boosting,,,,,119.98569226811345,119.98569226811345,119.98569226811345
2001,weak_hegemony,XGBoost,,,,,-580.9979248046875,-580.9979248046875,-580.9979248046875
2002,OIS,Linear Regression,,,,,7.152557373046875e-07,7.152557373046875e-07,7.152557373046875e-07
2002,OIS,Decision Tree,,,,,4432.37753371677,4432.37753371677,4432.37753371677
2002,OIS,Gradient Boosting,,,,,7467.451644462436,7467.451644462436,7467.451644462436
2002,OIS,XGBoost,,,,,67457.3671875,67457.3671875,67457.3671875
2002,strong_hegemony,Linear Regression,,,,,1364.9966647265421,1364.9966647265421,1364.9966647265421
2002,strong_hegemony,Decision Tree,,,,,2569.791077257889,2569.791077257889,2569.791077257889
2002,strong_hegemony,Gradient Boosting,,,,,2188.8595965891263,2188.8595965891263,2188.8595965891263
2002,strong_hegemony,XGBoost,,,,,1856.8504638671875,1856.8504638671875,1856.8504638671875
2002,weak_hegemony,Linear Regression,,,,,-321.88832936341817,-321.88832936341817,-321.88832936341817
2002,weak_hegemony,Decision Tree,,,,,118.0,118.0,118.0
2002,weak_hegemony,Gradient Boosting,,,,,119.98569226811345,119.98569226811345,119.98569226811345
2002,weak_hegemony,XGBoost,,,,,-580.9979248046875,-580.9979248046875,-580.9979248046875
2003,OIS,Linear Regression,,,,,7.152557373046875e-07,7.152557373046875e-07,7.152557373046875e-07
2003,OIS,Decision Tree,,,,,4432.37753371677,4432.37753371677,4432.37753371677
2003,OIS,Gradient Boosting,,,,,7467.451644462436,7467.451644462436,7467.451644462436
2003,OIS,XGBoost,,,,,67457.3671875,67457.3671875,67457.3671875
2003,strong_hegemony,Linear Regression,,,,,1364.9966647265421,1364.9966647265421,1364.9966647265421
2003,strong_hegemony,Decision Tree,,,,,2569.791077257889,2569.791077257889,2569.791077257889
2003,strong_hegemony,Gradient Boosting,,,,,2188.8595965891263,2188.8595965891263,2188.8595965891263
2003,strong_hegemony,XGBoost,,,,,1856.8504638671875,1856.8504638671875,1856.8504638671875
2003,weak_hegemony,Linear Regression,,,,,-321.88832936341817,-321.88832936341817,-321.88832936341817
2003,weak_hegemony,Decision Tree,,,,,118.0,118.0,118.0
2003,weak_hegemony,Gradient Boosting,,,,,119.98569226811345,119.98569226811345,119.98569226811345
2003,weak_hegemony,XGBoost,,,,,-580.9979248046875,-580.9979248046875,-580.9979248046875
2004,OIS,Linear Regression,,,,,7.152557373046875e-07,7.152557373046875e-07,7.152557373046875e-07
2004,OIS,Decision Tree,,,,,4432.37753371677,4432.37753371677,4432.37753371677
2004,OIS,Gradient Boosting,,,,,7467.451644462436,7467.451644462436,7467.451644462436
2004,OIS,XGBoost,,,,,67457.3671875,67457.3671875,67457.3671875
2004,strong_hegemony,Linear Regression,,,,,1364.9966647265421,1364.9966647265421,1364.9966647265421
2004,strong_hegemony,Decision Tree,,,,,2569.791077257889,2569.791077257889,2569.791077257889
2004,strong_hegemony,Gradient Boosting,,,,,2188.8595965891263,2188.8595965891263,2188.8595965891263
2004,strong_hegemony,XGBoost,,,,,1856.8504638671875,1856.8504638671875,1856.8504638671875
2004,weak_hegemony,Linear Regression,,,,,-321.88832936341817,-321.88832936341817,-321.88832936341817
2004,weak_hegemony,Decision Tree,,,,,118.0,118.0,118.0
2004,weak_hegemony,Gradient Boosting,,,,,119.98569226811345,119.98569226811345,119.98569226811345
2004,weak_hegemony,XGBoost,,,,,-580.9979248046875,-580.9979248046875,-580.9979248046875
2005,OIS,Linear Regression,,,,,7.152557373046875e-07,7.152557373046875e-07,7.152557373046875e-07
2005,OIS,Decision Tree,,,,,4432.37753371677,4432.37753371677,4432.37753371677
2005,OIS,Gradient Boosting,,,,,7467.451644462436,7467.451644462436,7467.451644462436
2005,OIS,XGBoost,,,,,67457.3671875,67457.3671875,67457.3671875
2005,strong_hegemony,Linear Regression,,,,,1364.9966647265421,1364.9966647265421,1364.9966647265421
2005,strong_hegemony,Decision Tree,,,,,2569.791077257889,2569.791077257889,2569.791077257889
2005,strong_hegemony,Gradient Boosting,,,,,2188.8595965891263,2188.8595965891263,2188.8595965891263
2005,strong_hegemony,XGBoost,,,,,1856.8504638671875,1856.8504638671875,1856.8504638671875
2005,weak_hegemony,Linear Regression,,,,,-321.88832936341817,-321.88832936341817,-321.88832936341817
2005,weak_hegemony,Decision Tree,,,,,118.0,118.0,118.0
2005,weak_hegemony,Gradient Boosting,,,,,119.98569226811345,119.98569226811345,119.98569226811345
2005,weak_hegemony,XGBoost,,,,,-580.9979248046875,-580.9979248046875,-580.9979248046875
2006,OIS,Linear Regression,,,,,7.152557373046875e-07,7.152557373046875e-07,7.152557373046875e-07
2006,OIS,Decision Tree,,,,,4432.37753371677,4432.37753371677,4432.37753371677
2006,OIS,Gradient Boosting,,,,,7467.451644462436,7467.451644462436,7467.451644462436
2006,OIS,XGBoost,,,,,67457.3671875,67457.3671875,67457.3671875
2006,strong_hegemony,Linear Regression,,,,,1364.9966647265421,1364.9966647265421,1364.9966647265421
2006,strong_hegemony,Decision Tree,,,,,2569.791077257889,2569.791077257889,2569.791077257889
2006,strong_hegemony,Gradient Boosting,,,,,2188.8595965891263,2188.8595965891263,2188.8595965891263
2006,strong_hegemony,XGBoost,,,,,1856.8504638671875,1856.8504638671875,1856.8504638671875
2006,weak_hegemony,Linear Regression,,,,,-321.88832936341817,-321.88832936341817,-321.88832936341817
2006,weak_hegemony,Decision Tree,,,,,118.0,118.0,118.0
2006,weak_hegemony,Gradient Boosting,,,,,119.98569226811345,119.98569226811345,119.98569226811345
2006,weak_hegemony,XGBoost,,,,,-580.9979248046875,-580.9979248046875,-580.9979248046875
2007,OIS,Linear Regression,,,,,7.152557373046875e-07,7.152557373046875e-07,7.152557373046875e-07
2007,OIS,Decision Tree,,,,,4432.37753371677,4432.37753371677,4432.37753371677
2007,OIS,Gradient Boosting,,,,,7467.451644462436,7467.451644462436,7467.451644462436
2007,OIS,XGBoost,,,,,67457.3671875,67457.3671875,67457.3671875
2007,strong_hegemony,Linear Regression,,,,,1364.9966647265421,1364.9966647265421,1364.9966647265421
2007,strong_hegemony,Decision Tree,,,,,2569.791077257889,2569.791077257889,2569.791077257889
2007,strong_hegemony,Gradient Boosting,,,,,2188.8595965891263,2188.8595965891263,2188.8595965891263
2007,strong_hegemony,XGBoost,,,,,1856.8504638671875,1856.8504638671875,1856.8504638671875
2007,weak_hegemony,Linear Regression,,,,,-321.88832936341817,-321.88832936341817,-321.88832936341817
2007,weak_hegemony,Decision Tree,,,,,118.0,118.0,118.0
2007,weak_hegemony,Gradient Boosting,,,,,119.98569226811345,119.98569226811345,119.98569226811345
2007,weak_hegemony,XGBoost,,,,,-580.9979248046875,-580.9979248046875,-580.9979248046875
2008,OIS,Linear Regression,,,,,7.152557373046875e-07,7.152557373046875e-07,7.152557373046875e-07
2008,OIS,Decision Tree,,,,,4432.37753371677,4432.37753371677,4432.37753371677
2008,OIS,Gradient Boosting,,,,,7467.451644462436,7467.451644462436,7467.451644462436
2008,OIS,XGBoost,,,,,67457.3671875,67457.3671875,67457.3671875
2008,strong_hegemony,Linear Regression,,,,,1364.9966647265421,1364.9966647265421,1364.9966647265421
2008,strong_hegemony,Decision Tree,,,,,2569.791077257889,2569.791077257889,2569.791077257889
2008,strong_hegemony,Gradient Boosting,,,,,2188.8595965891263,2188.8595965891263,2188.8595965891263
2008,strong_hegemony,XGBoost,,,,,1856.8504638671875,1856.8504638671875,1856.8504638671875
2008,weak_hegemony,Linear Regression,,,,,-321.88832936341817,-321.88832936341817,-321.88832936341817
2008,weak_hegemony,Decision Tree,,,,,118.0,118.0,118.0
2008,weak_hegemony,Gradient Boosting,,,,,119.98569226811345,119.98569226811345,119.98569226811345
2008,weak_hegemony,XGBoost,,,,,-580.9979248046875,-580.9979248046875,-580.9979248046875
2009,OIS,Linear Regression,,,,,7.152557373046875e-07,7.152557373046875e-07,7.152557373046875e-07
2009,OIS,Decision Tree,,,,,4432.37753371677,4432.37753371677,4432.37753371677
2009,OIS,Gradient Boosting,,,,,7467.451644462436,7467.451644462436,7467.451644462436
2009,OIS,XGBoost,,,,,67457.3671875,67457.3671875,67457.3671875
2009,strong_hegemony,Linear Regression,,,,,1364.9966647265421,1364.9966647265421,1364.9966647265421
2009,strong_hegemony,Decision Tree,,,,,2569.791077257889,2569.791077257889,2569.791077257889
2009,strong_hegemony,Gradient Boosting,,,,,2188.8595965891263,2188.8595965891263,2188.8595965891263
2009,strong_hegemony,XGBoost,,,,,1856.8504638671875,1856.8504638671875,1856.8504638671875
2009,weak_hegemony,Linear Regression,,,,,-321.88832936341817,-321.88832936341817,-321.88832936341817
2009,weak_hegemony,Decision Tree,,,,,118.0,118.0,118.0
2009,weak_hegemony,Gradient Boosting,,,,,119.98569226811345,119.98569226811345,119.98569226811345
2009,weak_hegemony,XGBoost,,,,,-580.9979248046875,-580.9979248046875,-580.9979248046875
2010,OIS,Linear Regression,,,,,7.152557373046875e-07,7.152557373046875e-07,7.152557373046875e-07
2010,OIS,Decision Tree,,,,,4432.37753371677,4432.37753371677,4432.37753371677
2010,OIS,Gradient Boosting,,,,,7467.451644462436,7467.451644462436,7467.451644462436
2010,OIS,XGBoost,,,,,67457.3671875,67457.3671875,67457.3671875
2010,strong_hegemony,Linear Regression,,,,,1364.9966647265421,1364.9966647265421,1364.9966647265421
2010,strong_hegemony,Decision Tree,,,,,2569.791077257889,2569.791077257889,2569.791077257889
2010,strong_hegemony,Gradient Boosting,,,,,2188.8595965891263,2188.8595965891263,2188.8595965891263
2010,strong_hegemony,XGBoost,,,,,1856.8504638671875,1856.8504638671875,1856.8504638671875
2010,weak_hegemony,Linear Regression,,,,,-321.88832936341817,-321.88832936341817,-321.88832936341817
2010,weak_hegemony,Decision Tree,,,,,118.0,118.0,118.0
2010,weak_hegemony,Gradient Boosting,,,,,119.98569226811345,119.98569226811345,119.98569226811345
2010,weak_hegemony,XGBoost,,,,,-580.9979248046875,-580.9979248046875,-580.9979248046875
2011,OIS,Linear Regression,,,,,7.152557373046875e-07,7.152557373046875e-07,7.152557373046875e-07
2011,OIS,Decision Tree,,,,,4432.37753371677,4432.37753371677,4432.37753371677
2011,OIS,Gradient Boosting,,,,,7467.451644462436,7467.451644462436,7467.451644462436
2011,OIS,XGBoost,,,,,67457.3671875,67457.3671875,67457.3671875
2011,strong_hegemony,Linear Regression,,,,,1364.9966647265421,1364.9966647265421,1364.9966647265421
2011,strong_hegemony,Decision Tree,,,,,2569.791077257889,2569.791077257889,2569.791077257889
2011,strong_hegemony,Gradient Boosting,,,,,2188.8595965891263,2188.8595965891263,2188.8595965891263
2011,strong_hegemony,XGBoost,,,,,1856.8504638671875,1856.8504638671875,1856.8504638671875
2011,weak_hegemony,Linear Regression,,,,,-321.88832936341817,-321.88832936341817,-321.88832936341817
2011,weak_hegemony,Decision Tree,,,,,118.0,118.0,118.0
2011,weak_hegemony,Gradient Boosting,,,,,119.98569226811345,119.98569226811345,119.98569226811345
2011,weak_hegemony,XGBoost,,,,,-580.9979248046875,-580.9979248046875,-580.9979248046875
2012,OIS,Linear Regression,,,,,7.152557373046875e-07,7.152557373046875e-07,7.152557373046875e-07
2012,OIS,Decision Tree,,,,,4432.37753371677,4432.37753371677,4432.37753371677
2012,OIS,Gradient Boosting,,,,,7467.451644462436,7467.451644462436,7467.451644462436
2012,OIS,XGBoost,,,,,67457.3671875,67457.3671875,67457.3671875
2012,strong_hegemony,Linear Regression,,,,,1364.9966647265421,1364.9966647265421,1364.9966647265421
2012,strong_hegemony,Decision Tree,,,,,2569.791077257889,2569.791077257889,2569.791077257889
2012,strong_hegemony,Gradient Boosting,,,,,2188.8595965891263,2188.8595965891263,2188.8595965891263
2012,strong_hegemony,XGBoost,,,,,1856.8504638671875,1856.8504638671875,1856.8504638671875
2012,weak_hegemony,Linear Regression,,,,,-321.88832936341817,-321.88832936341817,-321.88832936341817
2012,weak_hegemony,Decision Tree,,,,,118.0,118.0,118.0
2012,weak_hegemony,Gradient Boosting,,,,,119.98569226811345,119.98569226811345,119.98569226811345
2012,weak_hegemony,XGBoost,,,,,-580.9979248046875,-580.9979248046875,-580.9979248046875
2013,OIS,Linear Regression,,,,,7.152557373046875e-07,7.152557373046875e-07,7.152557373046875e-07
2013,OIS,Decision Tree,,,,,4432.37753371677,4432.37753371677,4432.37753371677
2013,OIS,Gradient Boosting,,,,,7467.451644462436,7467.451644462436,7467.451644462436
2013,OIS,XGBoost,,,,,67457.3671875,67457.3671875,67457.3671875
2013,strong_hegemony,Linear Regression,,,,,1364.9966647265421,1364.9966647265421,1364.9966647265421
2013,strong_hegemony,Decision Tree,,,,,2569.791077257889,2569.791077257889,2569.791077257889
2013,strong_hegemony,Gradient Boosting,,,,,2188.8595965891263,2188.8595965891263,2188.8595965891263
2013,strong_hegemony,XGBoost,,,,,1856.8504638671875,1856.8504638671875,1856.8504638671875
2013,weak_hegemony,Linear Regression,,,,,-321.88832936341817,-321.88832936341817,-321.88832936341817
2013,weak_hegemony,Decision Tree,,,,,118.0,118.0,118.0
2013,weak_hegemony,Gradient Boosting,,,,,119.98569226811345,119.98569226811345,119.98569226811345
2013,weak_hegemony,XGBoost,,,,,-580.9979248046875,-580.9979248046875,-580.9979248046875
2014,OIS,Linear Regression,,,,,7.152557373046875e-07,7.152557373046875e-07,7.152557373046875e-07
2014,OIS,Decision Tree,,,,,4432.37753371677,4432.37753371677,4432.37753371677
2014,OIS,Gradient Boosting,,,,,7467.451644462436,7467.451644462436,7467.451644462436
2014,OIS,XGBoost,,,,,67457.3671875,67457.3671875,67457.3671875
2014,strong_hegemony,Linear Regression,,,,,1364.9966647265421,1364.9966647265421,1364.9966647265421
2014,strong_hegemony,Decision Tree,,,,,2569.791077257889,2569.791077257889,2569.791077257889
2014,strong_hegemony,Gradient Boosting,,,,,2188.8595965891263,2188.8595965891263,2188.8595965891263
2014,strong_hegemony,XGBoost,,,,,1856.8504638671875,1856.8504638671875,1856.8504638671875
2014,weak_hegemony,Linear Regression,,,,,-321.88832936341817,-321.88832936341817,-321.88832936341817
2014,weak_hegemony,Decision Tree,,,,,118.0,118.0,118.0
2014,weak_hegemony,Gradient Boosting,,,,,119.98569226811345,119.98569226811345,119.98569226811345
2014,weak_hegemony,XGBoost,,,,,-580.9979248046875,-580.9979248046875,-580.9979248046875
2015,OIS,Linear Regression,,,,,7.152557373046875e-07,7.152557373046875e-07,7.152557373046875e-07
2015,OIS,Decision Tree,,,,,4432.37753371677,4432.37753371677,4432.37753371677
2015,OIS,Gradient Boosting,,,,,7467.451644462436,7467.451644462436,7467.451644462436
2015,OIS,XGBoost,,,,,67457.3671875,67457.3671875,67457.3671875
2015,strong_hegemony,Linear Regression,,,,,1364.9966647265421,1364.9966647265421,1364.9966647265421
2015,strong_hegemony,Decision Tree,,,,,2569.791077257889,2569.791077257889,2569.791077257889
2015,strong_hegemony,Gradient Boosting,,,,,2188.8595965891263,2188.8595965891263,2188.8595965891263
2015,strong_hegemony,XGBoost,,,,,1856.8504638671875,1856.8504638671875,1856.8504638671875
2015,weak_hegemony,Linear Regression,,,,,-321.88832936341817,-321.88832936341817,-321.88832936341817
2015,weak_hegemony,Decision Tree,,,,,118.0,118.0,118.0
2015,weak_hegemony,Gradient Boosting,,,,,119.98569226811345,119.98569226811345,119.98569226811345
2015,weak_hegemony,XGBoost,,,,,-580.9979248046875,-580.9979248046875,-580.9979248046875
2016,OIS,Linear Regression,,,,,7.152557373046875e-07,7.152557373046875e-07,7.152557373046875e-07
2016,OIS,Decision Tree,,,,,4432.37753371677,4432.37753371677,4432.37753371677
2016,OIS,Gradient Boosting,,,,,7467.451644462436,7467.451644462436,7467.451644462436
2016,OIS,XGBoost,,,,,67457.3671875,67457.3671875,67457.3671875
2016,strong_hegemony,Linear Regression,,,,,1364.9966647265421,1364.9966647265421,1364.9966647265421
2016,strong_hegemony,Decision Tree,,,,,2569.791077257889,2569.791077257889,2569.791077257889
2016,strong_hegemony,Gradient Boosting,,,,,2188.8595965891263,2188.8595965891263,2188.8595965891263
2016,strong_hegemony,XGBoost,,,,,1856.8504638671875,1856.8504638671875,1856.8504638671875
2016,weak_hegemony,Linear Regression,,,,,-321.88832936341817,-321.88832936341817,-321.88832936341817
2016,weak_hegemony,Decision Tree,,,,,118.0,118.0,118.0
2016,weak_hegemony,Gradient Boosting,,,,,119.98569226811345,119.98569226811345,119.98569226811345
2016,weak_hegemony,XGBoost,,,,,-580.9979248046875,-580.9979248046875,-580.9979248046875
2017,OIS,Linear Regression,,,,,7.152557373046875e-07,7.152557373046875e-07,7.152557373046875e-07
2017,OIS,Decision Tree,,,,,4432.37753371677,4432.37753371677,4432.37753371677
2017,OIS,Gradient Boosting,,,,,7467.451644462436,7467.451644462436,7467.451644462436
2017,OIS,XGBoost,,,,,67457.3671875,67457.3671875,67457.3671875
2017,strong_hegemony,Linear Regression,,,,,1364.9966647265421,1364.9966647265421,1364.9966647265421
2017,strong_hegemony,Decision Tree,,,,,2569.791077257889,2569.791077257889,2569.791077257889
2017,strong_hegemony,Gradient Boosting,,,,,2188.8595965891263,2188.8595965891263,2188.8595965891263
2017,strong_hegemony,XGBoost,,,,,1856.8504638671875,1856.8504638671875,1856.8504638671875
2017,weak_hegemony,Linear Regression,,,,,-321.88832936341817,-321.88832936341817,-321.88832936341817
2017,weak_hegemony,Decision Tree,,,,,118.0,118.0,118.0
2017,weak_hegemony,Gradient Boosting,,,,,119.98569226811345,119.98569226811345,119.98569226811345
2017,weak_hegemony,XGBoost,,,,,-580.9979248046875,-580.9979248046875,-580.9979248046875
2018,OIS,Linear Regression,,,,,7.152557373046875e-07,7.152557373046875e-07,7.152557373046875e-07
2018,OIS,Decision Tree,,,,,4432.37753371677,4432.37753371677,4432.37753371677
2018,OIS,Gradient Boosting,,,,,7467.451644462436,7467.451644462436,7467.451644462436
2018,OIS,XGBoost,,,,,67457.3671875,67457.3671875,67457.3671875
2018,strong_hegemony,Linear Regression,,,,,1364.9966647265421,1364.9966647265421,1364.9966647265421
2018,strong_hegemony,Decision Tree,,,,,2569.791077257889,2569.791077257889,2569.791077257889
2018,strong_hegemony,Gradient Boosting,,,,,2188.8595965891263,2188.8595965891263,2188.8595965891263
2018,strong_hegemony,XGBoost,,,,,1856.8504638671875,1856.8504638671875,1856.8504638671875
2018,weak_hegemony,Linear Regression,,,,,-321.88832936341817,-321.88832936341817,-321.88832936341817
2018,weak_hegemony,Decision Tree,,,,,118.0,118.0,118.0
2018,weak_hegemony,Gradient Boosting,,,,,119.98569226811345,119.98569226811345,119.98569226811345
2018,weak_hegemony,XGBoost,,,,,-580.9979248046875,-580.9979248046875,-580.9979248046875
2019,OIS,Linear Regression,,,,,7.152557373046875e-07,7.152557373046875e-07,7.152557373046875e-07
2019,OIS,Decision Tree,,,,,4432.37753371677,4432.37753371677,4432.37753371677
2019,OIS,Gradient Boosting,,,,,7467.451644462436,7467.451644462436,7467.451644462436
2019,OIS,XGBoost,,,,,67457.3671875,67457.3671875,67457.3671875
2019,strong_hegemony,Linear Regression,,,,,1364.9966647265421,1364.9966647265421,1364.9966647265421
2019,strong_hegemony,Decision Tree,,,,,2569.791077257889,2569.791077257889,2569.791077257889
2019,strong_hegemony,Gradient Boosting,,,,,2188.8595965891263,2188.8595965891263,2188.8595965891263
2019,strong_hegemony,XGBoost,,,,,1856.8504638671875,1856.8504638671875,1856.8504638671875
2019,weak_hegemony,Linear Regression,,,,,-321.88832936341817,-321.88832936341817,-321.88832936341817
2019,weak_hegemony,Decision Tree,,,,,118.0,118.0,118.0
2019,weak_hegemony,Gradient Boosting,,,,,119.98569226811345,119.98569226811345,119.98569226811345
2019,weak_hegemony,XGBoost,,,,,-580.9979248046875,-580.9979248046875,-580.9979248046875
2020,OIS,Linear Regression,,,,,7.152557373046875e-07,7.152557373046875e-07,7.152557373046875e-07
2020,OIS,Decision Tree,,,,,4432.37753371677,4432.37753371677,4432.37753371677
2020,OIS,Gradient Boosting,,,,,7467.451644462436,7467.451644462436,7467.451644462436
2020,OIS,XGBoost,,,,,67457.3671875,67457.3671875,67457.3671875
2020,strong_hegemony,Linear Regression,,,,,1364.9966647265421,1364.9966647265421,1364.9966647265421
2020,strong_hegemony,Decision Tree,,,,,2569.791077257889,2569.791077257889,2569.791077257889
2020,strong_hegemony,Gradient Boosting,,,,,2188.8595965891263,2188.8595965891263,2188.8595965891263
2020,strong_hegemony,XGBoost,,,,,1856.8504638671875,1856.8504638671875,1856.8504638671875
2020,weak_hegemony,Linear Regression,,,,,-321.88832936341817,-321.88832936341817,-321.88832936341817
2020,weak_hegemony,Decision Tree,,,,,118.0,118.0,118.0
2020,weak_hegemony,Gradient Boosting,,,,,119.98569226811345,119.98569226811345,119.98569226811345
2020,weak_hegemony,XGBoost,,,,,-580.9979248046875,-580.9979248046875,-580.9979248046875
2021,OIS,Linear Regression,,,,,7.152557373046875e-07,7.152557373046875e-07,7.152557373046875e-07
2021,OIS,Decision Tree,,,,,4432.37753371677,4432.37753371677,4432.37753371677
2021,OIS,Gradient Boosting,,,,,7467.451644462436,7467.451644462436,7467.451644462436
2021,OIS,XGBoost,,,,,67457.3671875,67457.3671875,67457.3671875
2021,strong_hegemony,Linear Regression,,,,,1364.9966647265421,1364.9966647265421,1364.9966647265421
2021,strong_hegemony,Decision Tree,,,,,2569.791077257889,2569.791077257889,2569.791077257889
2021,strong_hegemony,Gradient Boosting,,,,,2188.8595965891263,2188.8595965891263,2188.8595965891263
2021,strong_hegemony,XGBoost,,,,,1856.8504638671875,1856.8504638671875,1856.8504638671875
2021,weak_hegemony,Linear Regression,,,,,-321.88832936341817,-321.88832936341817,-321.88832936341817
2021,weak_hegemony,Decision Tree,,,,,118.0,118.0,118.0
2021,weak_hegemony,Gradient Boosting,,,,,119.98569226811345,119.98569226811345,119.98569226811345
2021,weak_hegemony,XGBoost,,,,,-580.9979248046875,-580.9979248046875,-580.9979248046875
2022,OIS,Linear Regression,,,,,7.152557373046875e-07,7.152557373046875e-07,7.152557373046875e-07
2022,OIS,Decision Tree,,,,,4432.37753371677,4432.37753371677,4432.37753371677
2022,OIS,Gradient Boosting,,,,,7467.451644462436,7467.451644462436,7467.451644462436
2022,OIS,XGBoost,,,,,67457.3671875,67457.3671875,67457.3671875
2022,strong_hegemony,Linear Regression,,,,,1364.9966647265421,1364.9966647265421,1364.9966647265421
2022,strong_hegemony,Decision Tree,,,,,2569.791077257889,2569.791077257889,2569.791077257889
2022,strong_hegemony,Gradient Boosting,,,,,2188.8595965891263,2188.8595965891263,2188.8595965891263
2022,strong_hegemony,XGBoost,,,,,1856.8504638671875,1856.8504638671875,1856.8504638671875
2022,weak_hegemony,Linear Regression,,,,,-321.88832936341817,-321.88832936341817,-321.88832936341817
2022,weak_hegemony,Decision Tree,,,,,118.0,118.0,118.0
2022,weak_hegemony,Gradient Boosting,,,,,119.98569226811345,119.98569226811345,119.98569226811345
2022,weak_hegemony,XGBoost,,,,,-580.9979248046875,-580.9979248046875,-580.9979248046875
2023,OIS,Linear Regression,,,,,7.152557373046875e-07,7.152557373046875e-07,7.152557373046875e-07
2023,OIS,Decision Tree,,,,,4432.37753371677,4432.37753371677,4432.37753371677
2023,OIS,Gradient Boosting,,,,,7467.451644462436,7467.451644462436,7467.451644462436
2023,OIS,XGBoost,,,,,67457.3671875,67457.3671875,67457.3671875
2023,strong_hegemony,Linear Regression,,,,,1364.9966647265421,1364.9966647265421,1364.9966647265421
2023,strong_hegemony,Decision Tree,,,,,2569.791077257889,2569.791077257889,2569.791077257889
2023,strong_hegemony,Gradient Boosting,,,,,2188.8595965891263,2188.8595965891263,2188.8595965891263
2023,strong_hegemony,XGBoost,,,,,1856.8504638671875,1856.8504638671875,1856.8504638671875
2023,weak_hegemony,Linear Regression,,,,,-321.88832936341817,-321.88832936341817,-321.88832936341817
2023,weak_hegemony,Decision Tree,,,,,118.0,118.0,118.0
2023,weak_hegemony,Gradient Boosting,,,,,119.98569226811345,119.98569226811345,119.98569226811345
2023,weak_hegemony,XGBoost,,,,,-580.9979248046875,-580.9979248046875,-580.9979248046875
2024,OIS,Linear Regression,,,,,7.152557373046875e-07,7.152557373046875e-07,7.152557373046875e-07
2024,OIS,Decision Tree,,,,,4432.37753371677,4432.37753371677,4432.37753371677
2024,OIS,Gradient Boosting,,,,,7467.451644462436,7467.451644462436,7467.451644462436
2024,OIS,XGBoost,,,,,67457.3671875,67457.3671875,67457.3671875
2024,strong_hegemony,Linear Regression,,,,,1364.9966647265421,1364.9966647265421,1364.9966647265421
2024,strong_hegemony,Decision Tree,,,,,2569.791077257889,2569.791077257889,2569.791077257889
2024,strong_hegemony,Gradient Boosting,,,,,2188.8595965891263,2188.8595965891263,2188.8595965891263
2024,strong_hegemony,XGBoost,,,,,1856.8504638671875,1856.8504638671875,1856.8504638671875
2024,weak_hegemony,Linear Regression,,,,,-321.88832936341817,-321.88832936341817,-321.88832936341817
2024,weak_hegemony,Decision Tree,,,,,118.0,118.0,118.0
2024,weak_hegemony,Gradient Boosting,,,,,119.98569226811345,119.98569226811345,119.98569226811345
2024,weak_hegemony,XGBoost,,,,,-580.9979248046875,-580.9979248046875,-580.9979248046875
2025,OIS,Linear Regression,,,,,7.152557373046875e-07,7.152557373046875e-07,7.152557373046875e-07
2025,OIS,Decision Tree,,,,,4432.37753371677,4432.37753371677,4432.37753371677
2025,OIS,Gradient Boosting,,,,,7467.451644462436,7467.451644462436,7467.451644462436
2025,OIS,XGBoost,,,,,67457.3671875,67457.3671875,67457.3671875
2025,strong_hegemony,Linear Regression,,,,,1364.9966647265421,1364.9966647265421,1364.9966647265421
2025,strong_hegemony,Decision Tree,,,,,2569.791077257889,2569.791077257889,2569.791077257889
2025,strong_hegemony,Gradient Boosting,,,,,2188.8595965891263,2188.8595965891263,2188.8595965891263
2025,strong_hegemony,XGBoost,,,,,1856.8504638671875,1856.8504638671875,1856.8504638671875
2025,weak_hegemony,Linear Regression,,,,,-321.88832936341817,-321.88832936341817,-321.88832936341817
2025,weak_hegemony,Decision Tree,,,,,118.0,118.0,118.0
2025,weak_hegemony,Gradient Boosting,,,,,119.98569226811345,119.98569226811345,119.98569226811345
2025,weak_hegemony,XGBoost,,,,,-580.9979248046875,-580.9979248046875,-580.9979248046875
2026,OIS,Linear Regression,,,,,7.152557373046875e-07,7.152557373046875e-07,7.152557373046875e-07
2026,OIS,Decision Tree,,,,,4432.37753371677,4432.37753371677,4432.37753371677
2026,OIS,Gradient Boosting,,,,,7467.451644462436,7467.451644462436,7467.451644462436
2026,OIS,XGBoost,,,,,67457.3671875,67457.3671875,67457.3671875
2026,strong_hegemony,Linear Regression,,,,,1364.9966647265421,1364.9966647265421,1364.9966647265421
2026,strong_hegemony,Decision Tree,,,,,2569.791077257889,2569.791077257889,2569.791077257889
2026,strong_hegemony,Gradient Boosting,,,,,2188.8595965891263,2188.8595965891263,2188.8595965891263
2026,strong_hegemony,XGBoost,,,,,1856.8504638671875,1856.8504638671875,1856.8504638671875
2026,weak_hegemony,Linear Regression,,,,,-321.88832936341817,-321.88832936341817,-321.88832936341817
2026,weak_hegemony,Decision Tree,,,,,118.0,118.0,118.0
2026,weak_hegemony,Gradient Boosting,,,,,119.98569226811345,119.98569226811345,119.98569226811345
2026,weak_hegemony,XGBoost,,,,,-580.9979248046875,-580.9979248046875,-580.9979248046875
2027,OIS,Linear Regression,,,,,7.152557373046875e-07,7.152557373046875e-07,7.152557373046875e-07
2027,OIS,Decision Tree,,,,,4432.37753371677,4432.37753371677,4432.37753371677
2027,OIS,Gradient Boosting,,,,,7467.451644462436,7467.451644462436,7467.451644462436
2027,OIS,XGBoost,,,,,67457.3671875,67457.3671875,67457.3671875
2027,strong_hegemony,Linear Regression,,,,,1364.9966647265421,1364.9966647265421,1364.9966647265421
2027,strong_hegemony,Decision Tree,,,,,2569.791077257889,2569.791077257889,2569.791077257889
2027,strong_hegemony,Gradient Boosting,,,,,2188.8595965891263,2188.8595965891263,2188.8595965891263
2027,strong_hegemony,XGBoost,,,,,1856.8504638671875,1856.8504638671875,1856.8504638671875
2027,weak_hegemony,Linear Regression,,,,,-321.88832936341817,-321.88832936341817,-321.88832936341817
2027,weak_hegemony,Decision Tree,,,,,118.0,118.0,118.0
2027,weak_hegemony,Gradient Boosting,,,,,119.98569226811345,119.98569226811345,119.98569226811345
2027,weak_hegemony,XGBoost,,,,,-580.9979248046875,-580.9979248046875,-580.9979248046875
2028,OIS,Linear Regression,,,,,7.152557373046875e-07,7.152557373046875e-07,7.152557373046875e-07
2028,OIS,Decision Tree,,,,,4432.37753371677,4432.37753371677,4432.37753371677
2028,OIS,Gradient Boosting,,,,,7467.451644462436,7467.451644462436,7467.451644462436
2028,OIS,XGBoost,,,,,67457.3671875,67457.3671875,67457.3671875
2028,strong_hegemony,Linear Regression,,,,,1364.9966647265421,1364.9966647265421,1364.9966647265421
2028,strong_hegemony,Decision Tree,,,,,2569.791077257889,2569.791077257889,2569.791077257889
2028,strong_hegemony,Gradient Boosting,,,,,2188.8595965891263,2188.8595965891263,2188.8595965891263
2028,strong_hegemony,XGBoost,,,,,1856.8504638671875,1856.8504638671875,1856.8504638671875
2028,weak_hegemony,Linear Regression,,,,,-321.88832936341817,-321.88832936341817,-321.88832936341817
2028,weak_hegemony,Decision Tree,,,,,118.0,118.0,118.0
2028,weak_hegemony,Gradient Boosting,,,,,119.98569226811345,119.98569226811345,119.98569226811345
2028,weak_hegemony,XGBoost,,,,,-580.9979248046875,-580.9979248046875,-580.9979248046875
2029,OIS,Linear Regression,,,,,7.152557373046875e-07,7.152557373046875e-07,7.152557373046875e-07
2029,OIS,Decision Tree,,,,,4432.37753371677,4432.37753371677,4432.37753371677
2029,OIS,Gradient Boosting,,,,,7467.451644462436,7467.451644462436,7467.451644462436
2029,OIS,XGBoost,,,,,67457.3671875,67457.3671875,67457.3671875
2029,strong_hegemony,Linear Regression,,,,,1364.9966647265421,1364.9966647265421,1364.9966647265421
2029,strong_hegemony,Decision Tree,,,,,2569.791077257889,2569.791077257889,2569.791077257889
2029,strong_hegemony,Gradient Boosting,,,,,2188.8595965891263,2188.8595965891263,2188.8595965891263
2029,strong_hegemony,XGBoost,,,,,1856.8504638671875,1856.8504638671875,1856.8504638671875
2029,weak_hegemony,Linear Regression,,,,,-321.88832936341817,-321.88832936341817,-321.88832936341817
2029,weak_hegemony,Decision Tree,,,,,118.0,118.0,118.0
2029,weak_hegemony,Gradient Boosting,,,,,119.98569226811345,119.98569226811345,119.98569226811345
2029,weak_hegemony,XGBoost,,,,,-580.9979248046875,-580.9979248046875,-580.9979248046875
2030,OIS,Linear Regression,,,,,7.152557373046875e-07,7.152557373046875e-07,7.152557373046875e-07
2030,OIS,Decision Tree,,,,,4432.37753371677,4432.37753371677,4432.37753371677
2030,OIS,Gradient Boosting,,,,,7467.451644462436,7467.451644462436,7467.451644462436
2030,OIS,XGBoost,,,,,67457.3671875,67457.3671875,67457.3671875
2030,strong_hegemony,Linear Regression,,,,,1364.9966647265421,1364.9966647265421,1364.9966647265421
2030,strong_hegemony,Decision Tree,,,,,2569.791077257889,2569.791077257889,2569.791077257889
2030,strong_hegemony,Gradient Boosting,,,,,2188.8595965891263,2188.8595965891263,2188.8595965891263
2030,strong_hegemony,XGBoost,,,,,1856.8504638671875,1856.8504638671875,1856.8504638671875
2030,weak_hegemony,Linear Regression,,,,,-321.88832936341817,-321.88832936341817,-321.88832936341817
2030,weak_hegemony,Decision Tree,,,,,118.0,118.0,118.0
2030,weak_hegemony,Gradient Boosting,,,,,119.98569226811345,119.98569226811345,119.98569226811345
2030,weak_hegemony,XGBoost,,,,,-580.9979248046875,-580.9979248046875,-580.9979248046875
2031,OIS,Linear Regression,,,,,7.152557373046875e-07,7.152557373046875e-07,7.152557373046875e-07
2031,OIS,Decision Tree,,,,,4432.37753371677,4432.37753371677,4432.37753371677
2031,OIS,Gradient Boosting,,,,,7467.451644462436,7467.451644462436,7467.451644462436
2031,OIS,XGBoost,,,,,67457.3671875,67457.3671875,67457.3671875
2031,strong_hegemony,Linear Regression,,,,,1364.9966647265421,1364.9966647265421,1364.9966647265421
2031,strong_hegemony,Decision Tree,,,,,2569.791077257889,2569.791077257889,2569.791077257889
2031,strong_hegemony,Gradient Boosting,,,,,2188.8595965891263,2188.8595965891263,2188.8595965891263
2031,strong_hegemony,XGBoost,,,,,1856.8504638671875,1856.8504638671875,1856.8504638671875
2031,weak_hegemony,Linear Regression,,,,,-321.88832936341817,-321.88832936341817,-321.88832936341817
2031,weak_hegemony,Decision Tree,,,,,118.0,118.0,118.0
2031,weak_hegemony,Gradient Boosting,,,,,119.98569226811345,119.98569226811345,119.98569226811345
2031,weak_hegemony,XGBoost,,,,,-580.9979248046875,-580.9979248046875,-580.9979248046875
2032,OIS,Linear Regression,,,,,7.152557373046875e-07,7.152557373046875e-07,7.152557373046875e-07
2032,OIS,Decision Tree,,,,,4432.37753371677,4432.37753371677,4432.37753371677
2032,OIS,Gradient Boosting,,,,,7467.451644462436,7467.451644462436,7467.451644462436
2032,OIS,XGBoost,,,,,67457.3671875,67457.3671875,67457.3671875
2032,strong_hegemony,Linear Regression,,,,,1364.9966647265421,1364.9966647265421,1364.9966647265421
2032,strong_hegemony,Decision Tree,,,,,2569.791077257889,2569.791077257889,2569.791077257889
2032,strong_hegemony,Gradient Boosting,,,,,2188.8595965891263,2188.8595965891263,2188.8595965891263
2032,strong_hegemony,XGBoost,,,,,1856.8504638671875,1856.8504638671875,1856.8504638671875
2032,weak_hegemony,Linear Regression,,,,,-321.88832936341817,-321.88832936341817,-321.88832936341817
2032,weak_hegemony,Decision Tree,,,,,118.0,118.0,118.0
2032,weak_hegemony,Gradient Boosting,,,,,119.98569226811345,119.98569226811345,119.98569226811345
2032,weak_hegemony,XGBoost,,,,,-580.9979248046875,-580.9979248046875,-580.9979248046875
2033,OIS,Linear Regression,,,,,7.152557373046875e-07,7.152557373046875e-07,7.152557373046875e-07
2033,OIS,Decision Tree,,,,,4432.37753371677,4432.37753371677,4432.37753371677
2033,OIS,Gradient Boosting,,,,,7467.451644462436,7467.451644462436,7467.451644462436
2033,OIS,XGBoost,,,,,67457.3671875,67457.3671875,67457.3671875
2033,strong_hegemony,Linear Regression,,,,,1364.9966647265421,1364.9966647265421,1364.9966647265421
2033,strong_hegemony,Decision Tree,,,,,2569.791077257889,2569.791077257889,2569.791077257889
2033,strong_hegemony,Gradient Boosting,,,,,2188.8595965891263,2188.8595965891263,2188.8595965891263
2033,strong_hegemony,XGBoost,,,,,1856.8504638671875,1856.8504638671875,1856.8504638671875
2033,weak_hegemony,Linear Regression,,,,,-321.88832936341817,-321.88832936341817,-321.88832936341817
2033,weak_hegemony,Decision Tree,,,,,118.0,118.0,118.0
2033,weak_hegemony,Gradient Boosting,,,,,119.98569226811345,119.98569226811345,119.98569226811345
2033,weak_hegemony,XGBoost,,,,,-580.9979248046875,-580.9979248046875,-580.9979248046875
2034,OIS,Linear Regression,,,,,7.152557373046875e-07,7.152557373046875e-07,7.152557373046875e-07
2034,OIS,Decision Tree,,,,,4432.37753371677,4432.37753371677,4432.37753371677
2034,OIS,Gradient Boosting,,,,,7467.451644462436,7467.451644462436,7467.451644462436
2034,OIS,XGBoost,,,,,67457.3671875,67457.3671875,67457.3671875
2034,strong_hegemony,Linear Regression,,,,,1364.9966647265421,1364.9966647265421,1364.9966647265421
2034,strong_hegemony,Decision Tree,,,,,2569.791077257889,2569.791077257889,2569.791077257889
2034,strong_hegemony,Gradient Boosting,,,,,2188.8595965891263,2188.8595965891263,2188.8595965891263
2034,strong_hegemony,XGBoost,,,,,1856.8504638671875,1856.8504638671875,1856.8504638671875
2034,weak_hegemony,Linear Regression,,,,,-321.88832936341817,-321.88832936341817,-321.88832936341817
2034,weak_hegemony,Decision Tree,,,,,118.0,118.0,118.0
2034,weak_hegemony,Gradient Boosting,,,,,119.98569226811345,119.98569226811345,119.98569226811345
2034,weak_hegemony,XGBoost,,,,,-580.9979248046875,-580.9979248046875,-580.9979248046875
2035,OIS,Linear Regression,,,,,7.152557373046875e-07,7.152557373046875e-07,7.152557373046875e-07
2035,OIS,Decision Tree,,,,,4432.37753371677,4432.37753371677,4432.37753371677
2035,OIS,Gradient Boosting,,,,,7467.451644462436,7467.451644462436,7467.451644462436
2035,OIS,XGBoost,,,,,67457.3671875,67457.3671875,67457.3671875
2035,strong_hegemony,Linear Regression,,,,,1364.9966647265421,1364.9966647265421,1364.9966647265421
2035,strong_hegemony,Decision Tree,,,,,2569.791077257889,2569.791077257889,2569.791077257889
2035,strong_hegemony,Gradient Boosting,,,,,2188.8595965891263,2188.8595965891263,2188.8595965891263
2035,strong_hegemony,XGBoost,,,,,1856.8504638671875,1856.8504638671875,1856.8504638671875
2035,weak_hegemony,Linear Regression,,,,,-321.88832936341817,-321.88832936341817,-321.88832936341817
2035,weak_hegemony,Decision Tree,,,,,118.0,118.0,118.0
2035,weak_hegemony,Gradient Boosting,,,,,119.98569226811345,119.98569226811345,119.98569226811345
2035,weak_hegemony,XGBoost,,,,,-580.9979248046875,-580.9979248046875,-580.9979248046875
